hla,AUC_ROC,AUC01_ROC,PPV
HLA-A*02:02,0.9826462285183559,0.9650890114227877,0.9265240209931369
HLA-A*02:05,0.9602534907488824,0.9150290650411922,0.9008130081300812
HLA-A*02:06,0.9838301652326344,0.9544016360193195,0.8929765886287625
HLA-A*02:11,0.977933337316471,0.9434047919622865,0.9003831417624522
HLA-A*11:01,0.9451589549696977,0.864493293871814,0.939810834049871
HLA-A*23:01,0.9419539360641653,0.8892839301980333,0.9629286376274329
HLA-A*25:01,0.9360341441599099,0.8373188995354863,0.9113924050632911
HLA-A*26:01,0.9480546925118555,0.8891459078267121,0.9589552238805971
HLA-A*30:01,0.9481541935093849,0.8636202868094072,0.8660287081339713
HLA-A*30:02,0.955981111860213,0.9107072121688524,0.9283536585365854
HLA-A*32:01,0.967178460087501,0.9439607638204258,0.965042372881356
HLA-A*33:01,0.965732174315261,0.9065600216797323,0.945054945054945
HLA-A*66:01,0.9776336897800302,0.9396866109182707,0.9442307692307692
HLA-A*68:01,0.9208828255388659,0.8227204850306228,0.9523809523809523
HLA-B*07:02,0.917195462765083,0.8583195618505413,0.9186046511627907
HLA-B*08:01,0.9739999824596791,0.9436771066963867,0.9618320610687023
HLA-B*14:02,0.9628403262287499,0.9433344820831154,0.9767080745341615
HLA-B*15:01,0.9409494737464523,0.9067746888606727,0.9287020109689214
HLA-B*15:02,0.958067951149712,0.9264660809338263,0.9129511677282378
HLA-B*15:03,0.9706599203861406,0.9117430630725862,0.8683914510686164
HLA-B*15:17,0.9805816320817063,0.9579583068935076,0.8063010501750292
HLA-B*18:01,0.9682295201605546,0.9370022758044536,0.9473684210526315
HLA-B*35:03,0.9594252660291785,0.9171656763992652,0.937799043062201
HLA-B*37:01,0.9393550473538693,0.8917736717791767,0.9216374269005848
HLA-B*38:01,0.9394891172584009,0.9032766535251054,0.9553072625698324
HLA-B*40:01,0.9844619747399092,0.9648473327491315,0.9549218031278749
HLA-B*40:02,0.9698253412761991,0.9434855603260235,0.9378698224852071
HLA-B*45:01,0.9752969919608391,0.948199885604724,0.9480968858131488
HLA-B*46:01,0.9506629023560644,0.9171177617388419,0.9107142857142857
HLA-B*53:01,0.9871525040793273,0.9697210797895861,0.9580200501253133
HLA-B*58:01,0.9583070487742147,0.928112947962629,0.9509954058192955
HLA-C*03:03,0.7658288531072681,0.7504939257783307,0.9199417758369723
HLA-C*05:01,0.9216431130181476,0.8946000990351326,0.914179104477612
HLA-C*07:02,0.9520554100018385,0.9014790838099109,0.9259259259259259
HLA-C*08:02,0.9669234277159777,0.9443780399637449,0.9483526268922529
HLA-C*12:03,0.9630771568929835,0.9166300243239281,0.9009009009009009
