hla,AUC_ROC,AUC01_ROC,PPV
HLA-A*02:02,0.9822086109046635,0.9628855612648769,0.8960798816568047
HLA-A*02:05,0.9590475308102036,0.920319796623459,0.8922155688622755
HLA-A*02:06,0.9851578852868773,0.9561384603767162,0.8537170263788969
HLA-A*02:11,0.9778041078015051,0.9450478920464398,0.8592592592592593
HLA-A*11:01,0.9427826999466117,0.8646005161709329,0.9281537176274018
HLA-A*23:01,0.9297702767066061,0.8854286181125587,0.9557913351016799
HLA-A*25:01,0.9497481965428067,0.9005946880267226,0.889763779527559
HLA-A*26:01,0.946343098655329,0.8954597906229871,0.9263803680981595
HLA-A*30:01,0.9426332767472502,0.8446221610690159,0.465633423180593
HLA-A*30:02,0.9481301918450408,0.8984896179558357,0.8463528194516295
HLA-A*32:01,0.9696571218988236,0.9455233995496719,0.9648936170212766
HLA-A*33:01,0.9768545550985779,0.9314199350244751,0.6315073154134059
HLA-A*66:01,0.9785779246518298,0.9467748027358481,0.9233082706766917
HLA-A*68:01,0.925492924612052,0.8259409242719027,0.7429467084639498
HLA-B*07:02,0.9300975395912106,0.862717784103527,0.9240506329113924
HLA-B*08:01,0.9732773212422056,0.9387750486166919,0.948905109489051
HLA-B*14:02,0.9656042740533723,0.9371186065230088,0.9752883031301482
HLA-B*15:01,0.942906089036056,0.9083374309117163,0.9105545617173524
HLA-B*15:02,0.9591217479304789,0.9261227533420224,0.9022869022869023
HLA-B*15:03,0.9750355504084546,0.9358739644968039,0.8396892655367232
HLA-B*15:17,0.9792898978782969,0.9571890281336795,0.8648648648648649
HLA-B*18:01,0.9691939427111843,0.9366350742757277,0.9493891797556719
HLA-B*35:03,0.9639883622396376,0.9228015273377531,0.9507389162561576
HLA-B*37:01,0.9335764771576969,0.8812335289649329,0.8636363636363636
HLA-B*38:01,0.9488196257021271,0.9058612819028689,0.8745019920318725
HLA-B*40:01,0.9844569187843514,0.9651270940533957,0.9575645756457565
HLA-B*40:02,0.9692840377707772,0.9435480839947545,0.9429460580912863
HLA-B*45:01,0.9773654811888615,0.950685298164129,0.9508474576271186
HLA-B*46:01,0.9504372251949561,0.9163188622689127,0.9143730886850153
HLA-B*53:01,0.9895794713633298,0.9726252805547,0.8821218074656189
HLA-B*58:01,0.9627498274018219,0.9319674624826066,0.9287790697674418
HLA-C*03:03,0.7628629972738419,0.7535847141090698,0.9196556671449068
HLA-C*05:01,0.9319104042829587,0.8974136912963036,0.9132075471698113
HLA-C*07:02,0.9580797251332966,0.9171916277179435,0.9184210526315789
HLA-C*08:02,0.9708121541111436,0.9477807523233154,0.9497757847533632
HLA-C*12:03,0.9670586085743788,0.9205511667086612,0.9092331768388107
