hla,AUC_ROC,AUC01_ROC,PPV
HLA-A*02:02,0.9823659661848139,0.9632040584806235,0.8977695167286245
HLA-A*02:05,0.9599752436503588,0.9210648677056632,0.8931008339651251
HLA-A*02:06,0.9854399329862497,0.9564407374462229,0.8749218261413383
HLA-A*02:11,0.9777069075871784,0.9452176381681301,0.8614768174012593
HLA-A*11:01,0.9449746857899262,0.8653623954672363,0.9360613810741688
HLA-A*23:01,0.9298164504921926,0.8854682045804498,0.9554764024933214
HLA-A*25:01,0.9493678663788913,0.8958666572515405,0.9043062200956937
HLA-A*26:01,0.9468808412684435,0.8953743873640251,0.9283387622149837
HLA-A*30:01,0.9433853422143821,0.8477325873685626,0.48833819241982507
HLA-A*30:02,0.9477764869347249,0.8994589550071769,0.8583017847485127
HLA-A*32:01,0.9690804275497104,0.9451868254902799,0.9699248120300752
HLA-A*33:01,0.9771515890247274,0.9328384107097341,0.6744704570791528
HLA-A*66:01,0.9794939674254335,0.9476148495060196,0.9276659209545116
HLA-A*68:01,0.9254791644472853,0.8265167953440649,0.7755102040816326
HLA-B*07:02,0.9284399145158638,0.8619823436612244,0.925
HLA-B*08:01,0.974412179998772,0.9414522554775422,0.948905109489051
HLA-B*14:02,0.9655764308840034,0.9380373230564644,0.9733333333333334
HLA-B*15:01,0.9425366110848313,0.9083955663856107,0.9276437847866419
HLA-B*15:02,0.9593349149582965,0.9261513425113324,0.9010526315789473
HLA-B*15:03,0.9752809018203715,0.9367412089227458,0.8651515151515151
HLA-B*15:17,0.9797794743963936,0.9587739650557262,0.8691322901849218
HLA-B*18:01,0.9706066046341908,0.9376909707218237,0.9527145359019265
HLA-B*35:03,0.9630028635317658,0.9194761940669732,0.9507389162561576
HLA-B*37:01,0.9331183859482715,0.8819145915729049,0.8743109151047409
HLA-B*38:01,0.9489554097000013,0.9055125774071291,0.9168490153172867
HLA-B*40:01,0.9845468521531212,0.9646886129519311,0.9584487534626038
HLA-B*40:02,0.9689110884898717,0.9435005307819169,0.9394250513347022
HLA-B*45:01,0.9780522190266735,0.9501290868857137,0.9524617996604414
HLA-B*46:01,0.9505092967064876,0.916786194580528,0.9079754601226994
HLA-B*53:01,0.9895402325802727,0.9729246356954071,0.9089514066496164
HLA-B*58:01,0.9621788658607573,0.9315606366432521,0.9295154185022027
HLA-C*03:03,0.7665335855861701,0.7532226607391057,0.9154727793696275
HLA-C*05:01,0.9303015391882848,0.8966408857635961,0.9080459770114943
HLA-C*07:02,0.9567086091193234,0.9159620818455405,0.9232804232804233
HLA-C*08:02,0.9707737741421117,0.947999801586612,0.9485359361135759
HLA-C*12:03,0.9665635881687697,0.920918119479681,0.9053627760252366
